pmid;pmcid;doi;publisher_id;journal;journal_domain;journal_field;journal_subfield;n_authors;is_plos;is_bmc;title;n_references_tot;n_references;has_das;das_encouraged;das_required;das;p_year;p_month;has_month;n_cit_2;n_cit_3;n_cit_5;n_cit_tot;h_index_min;h_index_max;h_index_mean;h_index_median
11056688;PMC13918;;bcr-2-4-307;Breast Cancer Research : BCR;Health Sciences;Clinical Medicine;Oncology & Carcinogenesis;15;True;False;BRCA1 and BRCA2 mutations in central and southern Italian patients;37;36;False;False;False;;2000;3;True;0;0;0;0;0;0;0.000;0.000
11250759;PMC13923;;BCR-3-2-122;Breast Cancer Research;Health Sciences;Clinical Medicine;Oncology & Carcinogenesis;4;True;False;Mechanisms of suberoylanilide hydroxamic acid inhibition of mammary cell growth;57;52;False;False;False;;2000;12;True;0;0;0;0;0;0;0.000;0.000
11178228;PMC15015;;gb-2000-1-2-research0003;Genome Biology;;;;9;True;False;'Gene shaving' as a method for identifying distinct sets of genes with similar expression patterns;18;12;False;False;False;;2000;7;True;0;0;0;0;0;0;0.000;0.000
27562561;PMC5000455;10.1186/s12882-016-0334-3;334;BMC Nephrology;Health Sciences;Clinical Medicine;Urology & Nephrology;4;True;False;Chloride content of solutions used for regional citrate anticoagulation might be responsible for blunting correction of metabolic acidosis during continuous veno-venous hemofiltration;32;29;True;False;False;We provide all relevant data in the paper. Supporting files are not used.;2016;7;True;0;0;0;0;0;0;0.000;0.000
21160549;PMC3001755;10.3389/fnsys.2010.00156;;Frontiers in Systems Neuroscience;;;;4;True;False;Greater Pre-Stimulus Effective Connectivity from the Left Inferior Frontal Area to other Areas is Associated with Better Phonological Decoding in Dyslexic Readers;81;75;False;False;False;;2010;7;True;0;0;0;0;0;0;0.000;0.000
20705647;PMC3001054;10.1093/nar/gkq668;gkq668;Nucleic Acids Research;Health Sciences;Biomedical Research;Developmental Biology;5;True;False;Dissecting functional cooperation among protein subunits in archaeal RNase P, a catalytic ribonucleoprotein complex;69;67;False;False;False;;2010;8;True;0;0;0;0;0;0;0.000;0.000
17476825;PMC2001148;;;The Ulster Medical Journal;Health Sciences;Clinical Medicine;General & Internal Medicine;1;True;False;Two Sons of the First Congregation;25;4;False;False;False;;2007;5;True;0;0;0;0;0;0;0.000;0.000
17476823;PMC2001141;;;The Ulster Medical Journal;Health Sciences;Clinical Medicine;General & Internal Medicine;6;True;False;Questionnaire Survey of PHysical activITy in General Practitioners (PHIT GP Study);21;11;False;False;False;;2007;5;True;0;0;0;0;0;0;0.000;0.000
22814258;PMC6000071;10.3779/j.issn.1009-3419.2012.07.02;zgfazz-15-7-399;Chinese Journal of Lung Cancer;Health Sciences;Clinical Medicine;Oncology & Carcinogenesis;5;True;False;MACC1和c-met在非小细胞肺癌中的表达及其预后价值;13;9;False;False;False;;2012;7;True;0;0;0;0;0;0;0.000;0.000
24790439;PMC4000186;10.2147/IJN.S55318;ijn-9-1991;International Journal of Nanomedicine;Applied Sciences;Enabling & Strategic Technologies;Nanoscience & Nanotechnology;7;True;False;Preparation and characterization of polylactide/poly(ε-caprolactone)-poly(ethylene glycol)-poly(ε-caprolactone) hybrid fibers for potential application in bone tissue engineering;45;34;False;False;False;;2014;4;True;0;0;0;0;0;0;0.000;0.000
17908286;PMC2000871;10.1186/1753-4631-1-9;1753-4631-1-9;Nonlinear Biomedical Physics;;;;6;True;False;Methods of electroencephalographic signal analysis for detection of small hidden changes;21;18;False;False;False;;2007;7;True;0;0;0;0;0;0;0.000;0.000
11178238;PMC15023;;gb-2000-1-3-research0005;Genome Biology;;;;4;True;False;Gene expression changes during murine postnatal brain development;13;7;False;False;False;;2000;7;True;0;0;0;0;0;0;0.000;0.000
21151556;PMC3000328;10.1371/journal.pone.0014277;10-PONE-RA-18979R1;PLoS ONE;General;General Science & Technology;General Science & Technology;7;True;False;Recursive Cluster Elimination Based Support Vector Machine for Disease State Prediction Using Resting State Functional and Effective Brain Connectivity;50;30;False;False;False;;2010;7;True;0;0;0;0;0;0;0.000;0.000
27561606;PMC5000459;10.1186/s12864-016-3018-2;3018;BMC Genomics;Applied Sciences;Enabling & Strategic Technologies;Bioinformatics;4;True;False;Software-based analysis of bacteriophage genomes, physical ends, and packaging strategies;42;35;True;False;False;The code for the Phamerator software is available at the GitHub website, https://github.com/byuphamerator/phamerator-dev/. Our instructions to setup the Phamerator software and to create a Phamerator database is available at our website at http://phagehunters.byu.edu/Phamerator. The Nexus file containing the phylogenetic tree of the large terminases (Fig. 6) is available in the TreeBase repository at https://treebase.org/treebase-web/home.html. The custom Phamerator SQL database we constructed to generate the phamily circles of large terminases (Fig. 13) is available as an example Phamerator database, “terminasephages.sql,” on our website at http://phagehunters.byu.edu/Phamerator.;2016;7;True;0;0;0;0;0;0;0.000;0.000
17476821;PMC2001146;;;The Ulster Medical Journal;Health Sciences;Clinical Medicine;General & Internal Medicine;3;True;False;Recent lung cancer patterns in younger age-cohorts in Ireland;21;10;False;False;False;;2007;5;True;0;0;0;0;0;0;0.000;0.000
17693431;PMC2018641;10.1093/nar/gkm589;;Nucleic Acids Research;Health Sciences;Biomedical Research;Developmental Biology;3;True;False;A persistent RNA·DNA hybrid formed by transcription of the Friedreich ataxia triplet repeat in live bacteria, and by T7 RNAP in vitro;54;54;False;False;False;;2007;8;True;0;0;0;0;0;0;0.000;0.000
11178259;PMC15028;;gb-2000-1-5-research0010;Genome Biology;;;;6;True;False;Accessing and distributing EMBL data using CORBA (common object request broker architecture);24;4;True;False;False;"When the CORBA server is up and running, a client, which can be developed using any CORBA-compliant ORB on the user's preferred environment and language (for which the ORB is available) at any local or remote machine, can access EMBL data through these objects using an IOR (Interoperable Object Reference) or via a Naming Service. We have published our EMBL server IOR [22] and its naming as 'databases/EMBL/nsdb/Embl', which is registered with the Naming Service [23]. We have also provided a number of demonstration clients for the EMBL server [24]. The client submits its query with bio-seq-id to the Embl object, which is a factory object representing the whole database. It invokes the operation findMe provided by EmblSeq object, which in turn invokes the loader object. The EmblSeq reference is returned to the client. Once the client has the EmblSeq object reference, it can then invoke the methods provided by EmblSeq to get the sequence information defined in Seqlnfo. The object attributes are obtained through invoking the methods. Further queries can be made through the invocation to other methods. The access is shown in Figure 10. Access to the EMBL database via the CORBA server. The client submits its query with bio-seq-id to the Embl object, which is a factory object representing the whole database. It invokes the operation findMe provided by EmblSeq object, which in turn invokes the loader object. The EmblSeq reference is returned to the client. Once the client has the EmblSeq object reference, it can then invoke the methods provided by EmblSeq to get the sequence information defined in SeqInfo. The object attributes are obtained through invoking the methods. Further queries can be made through the invocation to other methods. From Figure 10, it can be seen that CORBA interfaces to the EMBL database provide: meaningful units of information: objects; encapsulated methods, for example getLength(); interoperation between objects; easy access and distribution of data; and easy to comply with the standard. It provides a basis for developing further biological research tools. Accessibility to the EMBL database via the EMBL CORBA server can be as fine as any small attribute defined in the EMBL data model. The EMBL CORBA server can also provide a blob object that contains a number of objects. Currently the EMBL server is undergoing a trial with internal and external users. There are increasing numbers of users developing their applications using our CORBA server.";2000;7;True;0;0;0;0;0;0;0.000;0.000
27570653;PMC5001762;;2381546;AMIA Summits on Translational Science Proceedings;;;;2;True;False;Community-based Ontology Development, Annotation and Discussion with MediaWiki extension Ontokiwi and Ontokiwi-based Ontobedia;24;15;False;False;False;;2016;7;True;0;0;0;0;0;0;0.000;0.000
17697360;PMC2000873;10.1186/1471-227X-7-11;1471-227X-7-11;BMC Emergency Medicine;Health Sciences;Clinical Medicine;Emergency & Critical Care Medicine;4;True;False;"Success of microvascular surgery; repair mesenteric injury and prevent short bowel syndrome: a case report";11;10;False;False;False;;2007;7;True;0;0;0;0;0;0;0.000;0.000
24790688;PMC4000474;10.1177/1941738114522412;10.1177_1941738114522412;Sports Health;;;;5;True;False;Relationship of the Functional Movement Screen In-Line Lunge to Power, Speed, and Balance Measures;39;32;False;False;False;;2014;5;True;0;0;0;0;0;0;0.000;0.000
21151557;PMC3000329;10.1371/journal.pone.0014278;10-PONE-RA-19230R1;PLoS ONE;General;General Science & Technology;General Science & Technology;2;True;False;Genome Digging: Insight into the Mitochondrial Genome of Homo;68;62;False;False;False;;2010;7;True;0;0;0;0;0;0;0.000;0.000
24790434;PMC4000180;10.2147/IJN.S56394;ijn-9-1919;International Journal of Nanomedicine;Applied Sciences;Enabling & Strategic Technologies;Nanoscience & Nanotechnology;11;True;False;Biodistribution and acute toxicity of a nanofluid containing manganese iron oxide nanoparticles produced by a mechanochemical process;35;32;False;False;False;;2014;4;True;0;0;0;0;0;0;0.000;0.000
21151563;PMC3000335;10.1371/journal.pone.0014270;10-PONE-RA-20031R2;PLoS ONE;General;General Science & Technology;General Science & Technology;22;True;False;Immune Protection Induced on Day 10 Following Administration of the 2009 A/H1N1 Pandemic Influenza Vaccine;18;13;False;False;False;;2010;7;True;0;0;0;0;0;0;0.000;0.000
21151564;PMC3000336;10.1371/journal.pone.0014259;10-PONE-RA-18329R2;PLoS ONE;General;General Science & Technology;General Science & Technology;12;True;False;Serum Antibody Levels to the Pneumocystis jirovecii Major Surface Glycoprotein in the Diagnosis of P. jirovecii Pneumonia in HIV+ Patients;47;44;False;False;False;;2010;7;True;0;0;0;0;0;0;0.000;0.000
17718907;PMC2000868;10.1186/1745-6673-2-7;1745-6673-2-7;Journal of Occupational Medicine and Toxicology (London, England);Health Sciences;Clinical Medicine;Environmental & Occupational Health;3;True;False;Evaluation, diagnosis, and treatment of lead poisoning in a patient with occupational lead exposure: a case presentation;12;12;False;False;False;;2007;7;True;0;0;0;0;0;0;0.000;0.000
29963326;PMC6000718;10.4103/sni.sni_220_17;SNI-9-117;Surgical Neurology International;;;;6;True;False;Surgical removal of an arteriovenous malformation in the anterior perforated substance in a pregnant woman;16;16;False;False;False;;2018;6;True;0;0;0;0;0;0;0.000;0.000
17803820;PMC2000867;10.1186/1746-4269-3-31;1746-4269-3-31;Journal of Ethnobiology and Ethnomedicine;Natural Sciences;Chemistry;Medicinal & Biomolecular Chemistry;4;True;False;Best practices in intercultural health: five case studies in Latin America;14;9;False;False;False;;2007;7;True;0;0;0;0;0;0;0.000;0.000
21160551;PMC3001758;10.3389/fnhum.2010.00215;;Frontiers in Human Neuroscience;Health Sciences;Psychology & Cognitive Sciences;Experimental Psychology;2;True;False;Attention, Uncertainty, and Free-Energy;148;139;False;False;False;;2010;7;True;0;0;0;0;0;0;0.000;0.000
20693529;PMC3001055;10.1093/nar/gkq676;gkq676;Nucleic Acids Research;Health Sciences;Biomedical Research;Developmental Biology;2;True;False;The Type II restriction endonuclease MvaI has dual specificity;34;33;False;False;False;;2010;8;True;0;0;0;0;0;0;0.000;0.000
17704135;PMC2018637;10.1093/nar/gkm572;;Nucleic Acids Research;Health Sciences;Biomedical Research;Developmental Biology;2;True;False;Ligand recognition determinants of guanine riboswitches;42;40;False;False;False;;2007;8;True;0;0;0;0;0;0;0.000;0.000
29567569;PMC6000722;10.1016/j.ijscr.2018.02.042;;International Journal of Surgery Case Reports;;;;5;True;False;Ipsilateral stress fracture of the proximal fibula after total knee arthroplasty in a patient with severe valgus knee deformity on a background of Rheumatoid arthritis;20;13;False;False;False;;2018;3;True;0;0;0;0;0;0;0.000;0.000
21151560;PMC3000332;10.1371/journal.pone.0015273;PONE-D-10-00068;PLoS ONE;General;General Science & Technology;General Science & Technology;9;True;False;Structure, Function, and Phylogeny of the Mating Locus in the Rhizopus oryzae Complex;82;33;False;False;False;;2010;7;True;0;0;0;0;0;0;0.000;0.000
11056689;PMC13919;;bcr-2-4-311;Breast Cancer Research : BCR;Health Sciences;Clinical Medicine;Oncology & Carcinogenesis;3;True;False;Characterization of fibroblast growth factor receptor 2 overexpression in the human breast cancer cell line SUM-52PE;29;27;False;False;False;;2000;5;True;0;0;0;0;0;0;0.000;0.000
22814266;PMC6000070;10.3779/j.issn.1009-3419.2012.07.10;zgfazz-15-7-446;Chinese Journal of Lung Cancer;Health Sciences;Clinical Medicine;Oncology & Carcinogenesis;6;True;False;左肺恶性外周神经鞘瘤1例;7;7;False;False;False;;2012;7;True;0;0;0;0;0;0;0.000;0.000
29929425;PMC7000139;10.1080/19491034.2018.1489195;1489195;Nucleus;;;;7;True;False;Updated clinical overview on cardiac laminopathies: an electrical and mechanical disease;66;56;False;False;False;;2018;7;True;0;0;0;0;0;0;0.000;0.000
29915526;PMC6000602;10.3346/jkms.2018.33.e187;;Journal of Korean Medical Science;Health Sciences;Clinical Medicine;General & Internal Medicine;2;True;False;Job Stress-attributable Burden of Disease in Korea;40;24;False;False;False;;2018;5;True;0;0;0;0;0;0;0.000;0.000
20693400;PMC3001052;10.1093/nar/gkq661;gkq661;Nucleic Acids Research;Health Sciences;Biomedical Research;Developmental Biology;3;True;False;SEWAL: an open-source platform for next-generation sequence analysis and visualization;26;15;False;False;False;;2010;8;True;0;0;0;0;0;0;0.000;0.000
17718917;PMC2000872;10.1186/1747-5341-2-17;1747-5341-2-17;Philosophy, ethics, and humanities in medicine : PEHM;Arts & Humanities;Philosophy & Theology;Applied Ethics;1;True;False;Truthfulness in transplantation: non-heart-beating organ donation;7;5;False;False;False;;2007;7;True;0;0;0;0;0;0;0.000;0.000
24790689;PMC4000475;10.1177/1941738114524910;10.1177_1941738114524910;Sports Health;;;;4;True;False;Changes in Landing Mechanics in Patients Following Anterior Cruciate Ligament Reconstruction When Wearing an Extension Constraint Knee Brace;36;33;False;False;False;;2014;5;True;0;0;0;0;0;0;0.000;0.000
24708567;PMC4000151;10.1186/1752-1947-8-115;1752-1947-8-115;Journal of Medical Case Reports;Health Sciences;Clinical Medicine;General & Internal Medicine;1;True;False;Low-pressure headache presenting in early pregnancy with dramatic response to glucocorticoids: a case report;14;11;False;False;False;;2014;4;True;0;0;0;0;0;0;0.000;0.000
27561448;PMC5000457;10.1186/s12889-016-3478-y;3478;BMC Public Health;Health Sciences;Public Health & Health Services;Public Health;5;True;False;Health or harm? A cohort study of the importance of job quality in extended workforce participation by older adults;41;21;True;False;False;Licences are required for the HILDA Survey and can be sought from the Melbourne Institute.;2016;7;True;0;0;0;0;0;0;0.000;0.000
24790694;PMC4000477;10.1177/1941738114528468;10.1177_1941738114528468;Sports Health;;;;2;True;False;Return to Play After Liver and Spleen Trauma;56;50;False;False;False;;2014;5;True;0;0;0;0;0;0;0.000;0.000
11178229;PMC15016;;gb-2000-1-2-research0004;Genome Biology;;;;2;True;False;Exclusion of EDNRB and KIT as the basis for white spotting in Border Collies;11;10;False;False;False;;2000;7;True;0;0;0;0;0;0;0.000;0.000
;PMC3001672;10.1107/S1744309110040972;en5444;Acta Crystallographica Section F: Structural Biology and Crystallization Communications;Health Sciences;Biomedical Research;Biophysics;10;True;False;Crystallization and preliminary X-ray analysis of Na-ASP-1, a multi-domain pathogenesis-related-1 protein from the human hookworm parasite Necator americanus. Corrigendum;2;0;False;False;False;;2010;10;True;0;0;0;0;0;0;0.000;0.000
29868780;PMC6007429;10.1093/jisesa/iey049;iey049;Journal of Insect Science;Natural Sciences;Biology;Entomology;3;True;False;Chipping to Destroy Egg Masses of the Spotted Lanternfly, Lycorma delicatula (Hemiptera: Fulgoridae);10;3;False;False;False;;2018;5;True;0;0;0;0;0;0;0.000;0.000
11178247;PMC15025;;gb-2000-1-4-research0007;Genome Biology;;;;2;True;False;The alpha/beta fold uracil DNA glycosylases: a common origin with diverse fates;25;23;False;False;False;;2000;7;True;0;0;0;0;0;0;0.000;0.000
29963325;PMC6000717;10.4103/sni.sni_417_17;SNI-9-116;Surgical Neurology International;;;;5;True;False;Minimally invasive spine surgery in the pediatric and adolescent population: A case series;16;14;False;False;False;;2018;6;True;0;0;0;0;0;0;0.000;0.000
27570647;PMC5001761;;2381736;AMIA Summits on Translational Science Proceedings;;;;3;True;False;Learning Low-Dimensional Representations of Medical Concepts;11;0;False;False;False;;2016;7;True;0;0;0;0;0;0;0.000;0.000
24581169;PMC6000055;10.3779/j.issn.1009-3419.2014.02.16;zgfazz-17-2-163;Chinese Journal of Lung Cancer;Health Sciences;Clinical Medicine;Oncology & Carcinogenesis;11;True;False;中国天津大港油田LDCT肺癌筛查人群防治知识调查与分析;36;23;False;False;False;;2014;2;True;0;0;0;0;0;0;0.000;0.000
30131000;PMC7000141;10.1080/19491034.2018.1509659;1509659;Nucleus;;;;2;True;False;Polycystic ovary syndrome in familial partial lipodystrophy type 2 (FPLD2): basic and clinical aspects;21;18;False;False;False;;2018;7;True;0;0;0;0;0;0;0.000;0.000
11178258;PMC15027;;gb-2000-1-5-research0009;Genome Biology;;;;6;True;False;Towards understanding the first genome sequence of a crenarchaeon by genome annotation using clusters of orthologous groups of proteins (COGs);57;51;False;False;False;;2000;7;True;0;0;0;0;0;0;0.000;0.000
24708688;PMC4000148;10.1186/1746-1596-9-78;1746-1596-9-78;Diagnostic Pathology;Health Sciences;Clinical Medicine;Pathology;8;True;False;HMG-CoA reductase expression in primary colorectal cancer correlates with favourable clinicopathological characteristics and an improved clinical outcome;29;29;False;False;False;;2014;4;True;0;0;0;0;0;0;0.000;0.000
27570649;PMC5001763;;2382924;AMIA Summits on Translational Science Proceedings;;;;10;True;False;Cross border semantic interoperability for clinical research: the EHR4CR semantic resources and services;34;27;False;False;False;;2016;7;True;0;0;0;0;0;0;0.000;0.000
23222490;PMC4000969;10.1038/modpathol.2012.187;;Modern pathology : an official journal of the United States and Canadian Academy of Pathology, Inc;Health Sciences;Clinical Medicine;Pathology;7;True;False;Claudin Expression in High Grade Invasive Ductal Carcinoma of the Breast: Correlation with the Molecular Subtype;40;38;False;False;False;;2012;12;True;0;0;0;0;0;0;0.000;0.000
29558711;PMC6000720;10.1016/j.ijscr.2018.03.003;;International Journal of Surgery Case Reports;;;;2;True;False;Pancreas-sparing and superior mesenteric artery first approach in duodenal adenocarcinoma of the fourth portion of duodenum: A case report;20;19;False;False;False;;2018;3;True;0;0;0;0;0;0;0.000;0.000
22912732;PMC3418284;10.1371/journal.pone.0042752;PONE-D-12-12175;PLoS ONE;General;General Science & Technology;General Science & Technology;13;True;False;Skin Color Variation in Orang Asli Tribes of Peninsular Malaysia;35;22;False;False;False;;2012;7;True;0;0;0;0;0;0;0.000;0.000
15753208;PMC1351290;10.1084/jem.20041470;20041470;The Journal of Experimental Medicine;Health Sciences;Clinical Medicine;Immunology;5;True;False;A role for IgG immune complexes during infection with the intracellular pathogen Leishmania;39;39;False;False;False;;2005;3;True;0;0;0;0;0;0;0.000;0.000
29915525;PMC6000599;10.3346/jkms.2018.33.e174;;Journal of Korean Medical Science;Health Sciences;Clinical Medicine;General & Internal Medicine;6;True;False;Ten-year Nationwide Population-based Survey on the Characteristics of Children with Henoch-Schӧnlein Purpura in Korea;20;15;False;False;False;;2018;5;True;0;0;0;0;0;0;0.000;0.000
27570540;PMC5000464;10.1186/s13027-016-0096-3;96;Infectious Agents and Cancer;Health Sciences;Clinical Medicine;Oncology & Carcinogenesis;9;True;False;Prevalence of human papillomavirus in saliva of women with HPV genital lesions;34;33;True;False;False;The data we wish sharing are already exposed in Table 2. We are not authorized to share the clinical data of the patients.;2016;7;True;0;0;0;0;0;0;0.000;0.000
29928157;PMC6008000;10.6001/actamedica.v25i1.3703;;Acta Medica Lituanica;;;;3;True;False;Risk factors of developing the hungry bone syndrome after parathyroidectomy for primary hyperparathyroidism;21;18;False;False;False;;2018;7;True;0;0;0;0;0;0;0.000;0.000
29963324;PMC6000716;10.4103/sni.sni_456_17;SNI-9-114;Surgical Neurology International;;;;5;True;False;Single-session percutaneous embolization with onyx and coils of sinus pericranii;10;5;False;False;False;;2018;6;True;0;0;0;0;0;0;0.000;0.000
24790464;PMC4000174;10.2147/CCID.S52257;ccid-7-133;Clinical, Cosmetic and Investigational Dermatology;;;;7;True;False;Methods for diagnosing perceived age on the basis of an ensemble of phenotypic features;21;18;False;False;False;;2014;4;True;0;0;0;0;0;0;0.000;0.000
20693537;PMC3001053;10.1093/nar/gkq662;gkq662;Nucleic Acids Research;Health Sciences;Biomedical Research;Developmental Biology;5;True;False;Biophysical and atomic force microscopy characterization of the RNA from satellite tobacco mosaic virus;46;32;False;False;False;;2010;8;True;0;0;0;0;0;0;0.000;0.000
24712889;PMC4000153;10.1186/1752-1947-8-119;1752-1947-8-119;Journal of Medical Case Reports;Health Sciences;Clinical Medicine;General & Internal Medicine;7;True;False;Small-cell lung cancer with voltage-gated calcium channel antibody-positive paraneoplastic limbic encephalitis: a case report;10;10;False;False;False;;2014;4;True;0;0;0;0;0;0;0.000;0.000
21160558;PMC3001989;10.3389/fnsys.2010.00155;;Frontiers in Systems Neuroscience;;;;7;True;False;Functional Properties of Human Auditory Cortical Fields;86;86;False;False;False;;2010;7;True;0;0;0;0;0;0;0.000;0.000
16216891;PMC1373686;10.1084/jem.20051182;20051182;The Journal of Experimental Medicine;Health Sciences;Clinical Medicine;Immunology;3;True;False;Actin and agonist MHC–peptide complex–dependent T cell receptor microclusters as scaffolds for signaling;36;36;False;False;False;;2005;10;True;0;0;0;0;0;0;0.000;0.000
20940299;PMC3001007;10.1074/jbc.M110.161398;M110.161398;The Journal of Biological Chemistry;Health Sciences;Biomedical Research;Biochemistry & Molecular Biology;8;True;False;Characterization of the Properties of a Novel Mutation in VAPB in Familial Amyotrophic Lateral Sclerosis*;78;74;False;False;False;;2010;10;True;0;0;0;0;0;0;0.000;0.000
17702757;PMC2018640;10.1093/nar/gkm591;;Nucleic Acids Research;Health Sciences;Biomedical Research;Developmental Biology;2;True;False;DNA polymerase proofreading: active site switching catalyzed by the bacteriophage T4 DNA polymerase;40;39;False;False;False;;2007;8;True;0;0;0;0;0;0;0.000;0.000
11056687;PMC13917;;bcr-2-3-222;Breast Cancer Research;Health Sciences;Clinical Medicine;Oncology & Carcinogenesis;8;True;False;A novel cell culture model for studying differentiation and apoptosis in the mouse mammary gland;46;40;False;False;False;;2000;3;True;0;0;0;0;0;0;0.000;0.000
15783253;PMC1069660;10.1371/journal.pmed.0020062;;PLoS Medicine;Health Sciences;Clinical Medicine;General & Internal Medicine;1;True;False;The Coming of Age of Multicultural Medicine;7;2;False;False;False;;2005;3;True;0;0;0;0;0;0;0.000;0.000
11178248;PMC15026;;gb-2000-1-4-research0008;Genome Biology;;;;5;True;False;Analysis of prolactin-modulated gene expression profiles during the Nb2 cell cycle using differential screening techniques;84;80;False;False;False;;2000;7;True;0;0;0;0;0;0;0.000;0.000
24790422;PMC4000185;10.2147/CIA.S59310;cia-9-697;Clinical Interventions in Aging;Health Sciences;Clinical Medicine;General & Internal Medicine;6;True;False;The effects of strength and power training on single-step balance recovery in older adults: a preliminary study;39;37;False;False;False;;2014;4;True;0;0;0;0;0;0;0.000;0.000
20685814;PMC3001057;10.1093/nar/gkq679;gkq679;Nucleic Acids Research;Health Sciences;Biomedical Research;Developmental Biology;3;True;False;Computational identification of tissue-specific alternative splicing elements in mouse genes from RNA-Seq;48;47;False;False;False;;2010;8;True;0;0;0;0;0;0;0.000;0.000
29928154;PMC6007999;10.6001/actamedica.v25i1.3700;;Acta Medica Lituanica;;;;5;True;False;Primary gastric Burkitt lymphoma-induced anaemia: a case report and a literature review;25;15;False;False;False;;2018;7;True;0;0;0;0;0;0;0.000;0.000
17716373;PMC2000870;10.1186/1746-1340-15-11;1746-1340-15-11;Chiropractic & Osteopathy;Health Sciences;Clinical Medicine;Orthopedics;3;True;False;Disentangling manual muscle testing and Applied Kinesiology: critique and reinterpretation of a literature review;49;35;False;False;False;;2007;7;True;0;0;0;0;0;0;0.000;0.000
17704134;PMC2018639;10.1093/nar/gkm573;;Nucleic Acids Research;Health Sciences;Biomedical Research;Developmental Biology;2;True;False;Tup1-Ssn6 and Swi-Snf remodelling activities influence long-range chromatin organization upstream of the yeast SUC2 gene;66;65;False;False;False;;2007;8;True;0;0;0;0;0;0;0.000;0.000
20952390;PMC3001019;10.1074/jbc.M110.138776;M110.138776;The Journal of Biological Chemistry;Health Sciences;Biomedical Research;Biochemistry & Molecular Biology;6;True;False;Vibrio cholerae ParE2 Poisons DNA Gyrase via a Mechanism Distinct from Other Gyrase Inhibitors*;55;54;False;False;False;;2010;10;True;0;0;0;0;0;0;0.000;0.000
15783258;PMC1069665;10.1371/journal.pmed.0020070;;PLoS Medicine;Health Sciences;Clinical Medicine;General & Internal Medicine;12;True;False;Noninvasive Visualization of the Activated αvβ3 Integrin in Cancer Patients by Positron Emission Tomography and [18F]Galacto-RGD;54;51;False;False;False;;2005;3;True;0;0;0;0;0;0;0.000;0.000
21151561;PMC3000333;10.1371/journal.pone.0014281;10-PONE-RA-21357R1;PLoS ONE;General;General Science & Technology;General Science & Technology;5;True;False;Ascorbate Biosynthesis during Early Fruit Development Is the Main Reason for Its Accumulation in Kiwi;51;35;False;False;False;;2010;7;True;0;0;0;0;0;0;0.000;0.000
16314435;PMC1350743;10.1084/jem.20051166;20051166;The Journal of Experimental Medicine;Health Sciences;Clinical Medicine;Immunology;4;True;False;Resolution of airway inflammation and hyperreactivity after in vivo transfer of CD4+CD25+ regulatory T cells is interleukin 10 dependent;41;41;False;False;False;;2005;12;True;0;0;0;0;0;0;0.000;0.000
24790456;PMC4000184;10.2147/JMDH.S51010;jmdh-7-179;Journal of Multidisciplinary Healthcare;;;;3;True;False;Optimizing strategies to improve interprofessional practice for veterans, part 1;19;6;False;False;False;;2014;4;True;0;0;0;0;0;0;0.000;0.000
29915523;PMC6000597;10.3346/jkms.2018.33.e172;;Journal of Korean Medical Science;Health Sciences;Clinical Medicine;General & Internal Medicine;8;True;False;The Prevalence of Obesity and Metabolic Syndrome in the Korean Military Compared with the General Population;39;37;False;False;False;;2018;5;True;0;0;0;0;0;0;0.000;0.000
21151570;PMC3000342;10.1371/journal.pone.0015334;PONE-D-10-02543;PLoS ONE;General;General Science & Technology;General Science & Technology;10;True;False;Age at Menarche, Schooling, and Sexual Debut in Northern Malawi;25;15;False;False;False;;2010;7;True;0;0;0;0;0;0;0.000;0.000
17702762;PMC2018638;10.1093/nar/gkm537;;Nucleic Acids Research;Health Sciences;Biomedical Research;Developmental Biology;6;True;False;Filtering genes to improve sensitivity in oligonucleotide microarray data analysis;40;27;False;False;False;;2007;8;True;0;0;0;0;0;0;0.000;0.000
29365252;PMC6007962;10.1021/acsnano.7b07911;;ACS Nano;Applied Sciences;Enabling & Strategic Technologies;Nanoscience & Nanotechnology;7;True;False;Room-Temperature Lasing from Monolithically Integrated GaAs Microdisks on Silicon;35;29;False;False;False;;2018;1;True;0;0;0;0;0;0;0.000;0.000
24581167;PMC6000056;10.3779/j.issn.1009-3419.2014.02.14;zgfazz-17-2-148;Chinese Journal of Lung Cancer;Health Sciences;Clinical Medicine;Oncology & Carcinogenesis;4;True;False;异长春花碱逆转肺癌顺铂耐药A549/DDP细胞耐药性的作用和机制;9;8;False;False;False;;2014;2;True;0;0;0;0;0;0;0.000;0.000
24790436;PMC4000179;10.2147/IJN.S60220;ijn-9-1947;International Journal of Nanomedicine;Applied Sciences;Enabling & Strategic Technologies;Nanoscience & Nanotechnology;3;True;False;Comparative toxicological assessment of PAMAM and thiophosphoryl dendrimers using embryonic zebrafish;55;39;False;False;False;;2014;4;True;0;0;0;0;0;0;0.000;0.000
24790438;PMC4000181;10.2147/IJN.S58661;ijn-9-1979;International Journal of Nanomedicine;Applied Sciences;Enabling & Strategic Technologies;Nanoscience & Nanotechnology;13;True;False;Biological responses according to the shape and size of carbon nanotubes in BEAS-2B and MESO-1 cells;47;43;False;False;False;;2014;4;True;0;0;0;0;0;0;0.000;0.000
29549846;PMC6000719;10.1016/j.ijscr.2018.02.039;;International Journal of Surgery Case Reports;;;;5;True;False;Synchronous gallbladder squamous cell carcinoma and adenocarcinoma, both as primary tumors in one patient;22;18;False;False;False;;2018;3;True;0;0;0;0;0;0;0.000;0.000
17476819;PMC2001142;;;The Ulster Medical Journal;Health Sciences;Clinical Medicine;General & Internal Medicine;5;True;False;Emergence of community-associated MRSA (CA-MRSA) in Northern Ireland;3;1;False;False;False;;2007;5;True;0;0;0;0;0;0;0.000;0.000
29850852;PMC6007485;10.1093/jisesa/iey047;iey047;Journal of Insect Science;Natural Sciences;Biology;Entomology;2;True;False;Morphology, Diet, and Temperature-Dependent Host-Free Survival of the Boll Weevil, Anthonomus grandis (Coleoptera: Curculionidae);61;8;False;False;False;;2018;5;True;0;0;0;0;0;0;0.000;0.000
27565956;PMC5000463;10.1186/s13071-016-1742-8;1742;Parasites & Vectors;Health Sciences;Biomedical Research;Mycology & Parasitology;5;True;False;Rickettsia vini n. sp. (Rickettsiaceae) infecting the tick Ixodes arboricola (Acari: Ixodidae);41;39;True;False;False;"The datasets supporting the conclusions of this article are included within the article and its additional files. The type-strain BreclavT is deposited at the Rickettsial Collection of the Laboratory of Parasitic Diseases of the Faculty of Veterinary Medicine, University of São Paulo, São Paulo, Brazil (culture collection codes: Rv-M1A-3P; Rv-M2B-3P; Rv-M3B-3P), and the Rickettsial Collection of the Rickettsial Zoonoses Branch of the Centers for Disease Control and Prevention (CDC), Atlanta, GA, USA (culture collection codes: Rv-M1A-2P; Rv-M2B-2P; Rv-M3B-2P).";2016;7;True;0;0;0;0;0;0;0.000;0.000
15767295;PMC1382195;10.1085/jgp.200409227;200409227;The Journal of General Physiology;Health Sciences;Biomedical Research;Physiology;7;True;False;CFTR Gating I;66;66;False;False;False;;2005;4;True;0;0;0;0;0;0;0.000;0.000
29342138;PMC6007875;10.1038/nature25451;;Nature;General;General Science & Technology;General Science & Technology;10;True;False;αKlotho is a Non-Enzymatic Molecular Scaffold for FGF23 Hormone Signaling;50;50;False;False;False;;2018;1;True;0;0;0;0;0;0;0.000;0.000
24790693;PMC4000473;10.1177/1941738114521984;10.1177_1941738114521984;Sports Health;;;;2;True;False;Return to Play After Infectious Mononucleosis;47;43;False;False;False;;2014;5;True;0;0;0;0;0;0;0.000;0.000
21045167;PMC3001618;10.1530/REP-10-0325;REP100325;Reproduction (Cambridge, England);Health Sciences;Clinical Medicine;Obstetrics & Reproductive Medicine;9;True;False;Suboptimal maternal nutrition, during early fetal liver development, promotes lipid accumulation in the liver of obese offspring;53;52;False;False;False;;2011;1;True;0;0;0;0;0;0;0.000;0.000
17476818;PMC2001150;;;The Ulster Medical Journal;Health Sciences;Clinical Medicine;General & Internal Medicine;3;True;False;Perioperative Management of Patients with Implantable Cardioverter Defibrillators;7;5;False;False;False;;2007;5;True;0;0;0;0;0;0;0.000;0.000
29905878;PMC6007449;10.1093/jisesa/iey050;iey050;Journal of Insect Science;Natural Sciences;Biology;Entomology;3;True;False;Mortality of Solenopsis invicta Workers (Hymenoptera: Formicidae) After Indirect Exposure to Spores of Three Entomopathogenic Fungi;60;23;False;False;False;;2018;5;True;0;0;0;0;0;0;0.000;0.000
24576195;PMC4000582;10.1021/np4009865;;Journal of Natural Products;Natural Sciences;Chemistry;Medicinal & Biomolecular Chemistry;8;True;False;Total Synthesis of the Lipid Mediator PD1n-3 DPA: Configurational Assignments and Anti-inflammatory and Pro-resolving Actions;36;24;False;False;False;;2014;2;True;0;0;0;0;0;0;0.000;0.000
29915524;PMC6000596;10.3346/jkms.2018.33.e173;;Journal of Korean Medical Science;Health Sciences;Clinical Medicine;General & Internal Medicine;4;True;False;Integrase Strand Transfer Inhibitor Resistance Mutations in Antiretroviral Treatment-naïve Patients in Korea: a Prospective, Observational Study;20;18;False;False;False;;2018;5;True;0;0;0;0;0;0;0.000;0.000
17702761;PMC2018634;10.1093/nar/gkm552;;Nucleic Acids Research;Health Sciences;Biomedical Research;Developmental Biology;3;True;False;Biochemical reconstitution of abasic DNA lesion replication in Xenopus extracts;33;31;False;False;False;;2007;8;True;0;0;0;0;0;0;0.000;0.000
27570642;PMC5001756;;2383541;AMIA Summits on Translational Science Proceedings;;;;2;True;False;A Use Case to Support Precision Medicine for Frequently Hospitalized Older Adults with Polypharmacy;17;17;False;False;False;;2016;7;True;0;0;0;0;0;0;0.000;0.000
15096539;PMC1361263;10.1084/jem.20031560;20031560;The Journal of Experimental Medicine;Health Sciences;Clinical Medicine;Immunology;8;True;False;Minor Histocompatibility Antigen DBY Elicits a Coordinated B and T Cell Response after Allogeneic Stem Cell Transplantation;27;26;False;False;False;;2004;4;True;0;0;0;0;0;0;0.000;0.000
24633226;PMC4000541;10.1038/ni.2849;;Nature immunology;Health Sciences;Clinical Medicine;Immunology;13;True;False;Tumor necrosis factor receptor superfamily costimulation couples T cell receptor signal strength to thymic regulatory T cell differentiation;50;50;False;False;False;;2014;3;True;0;0;0;0;0;0;0.000;0.000
27570665;PMC5001760;;2383411;AMIA Summits on Translational Science Proceedings;;;;8;True;False;A Decompositional Approach to Executing Quality Data Model Algorithms on the i2b2 Platform;18;9;False;False;False;;2016;7;True;0;0;0;0;0;0;0.000;0.000
24717107;PMC4000147;10.1186/1752-1947-8-122;1752-1947-8-122;Journal of Medical Case Reports;Health Sciences;Clinical Medicine;General & Internal Medicine;9;True;False;Metastatic castrate-resistant prostate cancer with a late, complete and durable response to docetaxel chemotherapy: a case report;13;12;False;False;False;;2014;4;True;0;0;0;0;0;0;0.000;0.000
24790697;PMC4000472;10.1177/1941738113508917;10.1177_1941738113508917;Sports Health;;;;3;True;False;Current Concepts of Articular Cartilage Restoration Techniques in the Knee;59;56;False;False;False;;2014;5;True;0;0;0;0;0;0;0.000;0.000
15783255;PMC1069662;10.1371/journal.pmed.0020064;;PLoS Medicine;Health Sciences;Clinical Medicine;General & Internal Medicine;4;True;False;Antifibrinolytic Agents in Traumatic Haemorrhage;11;8;False;False;False;;2005;3;True;0;0;0;0;0;0;0.000;0.000
21151567;PMC3000339;10.1371/journal.pone.0014271;10-PONE-RA-20131R1;PLoS ONE;General;General Science & Technology;General Science & Technology;7;True;False;Transcription of AAT•ATT Triplet Repeats in Escherichia coli Is Silenced by H-NS and IS1E Transposition;49;39;False;False;False;;2010;7;True;0;0;0;0;0;0;0.000;0.000
20956539;PMC3000998;10.1074/jbc.M110.181545;M110.181545;The Journal of Biological Chemistry;Health Sciences;Biomedical Research;Biochemistry & Molecular Biology;5;True;False;Gradient of Increasing Aurora B Kinase Activity Is Required for Cells to Execute Mitosis*;30;30;False;False;False;;2010;10;True;0;0;0;0;0;0;0.000;0.000
16365163;PMC1382337;10.1083/jcb.200504104;200404104;The Journal of Cell Biology;Health Sciences;Biomedical Research;Developmental Biology;4;True;False;Yeast phosphatidylinositol 4-kinase, Pik1, has essential roles at the Golgi and in the nucleus;74;70;False;False;False;;2005;12;True;0;0;0;0;0;0;0.000;0.000
29630818;PMC6007963;10.1021/acs.jmedchem.8b00138;;Journal of Medicinal Chemistry;Natural Sciences;Chemistry;Medicinal & Biomolecular Chemistry;8;True;False;An 18F-Labeled Poly(ADP-ribose) Polymerase Positron Emission Tomography Imaging Agent;35;30;False;False;False;;2018;4;True;0;0;0;0;0;0;0.000;0.000
17723155;PMC2000866;10.1186/1475-2883-6-8;1475-2883-6-8;Filaria Journal;Health Sciences;Clinical Medicine;Tropical Medicine;4;True;False;Health Related Quality of Life, an appropriate indicator to assess the impact of morbidity management and disability prevention activities towards elimination of lymphatic filariasis;16;12;False;False;False;;2007;7;True;0;0;0;0;0;0;0.000;0.000
14737187;PMC300882;10.1371/journal.pbio.0020009;;PLoS Biology;Health Sciences;Biomedical Research;Developmental Biology;3;True;False;Similarities and Differences in Genome-Wide Expression Data of Six Organisms;39;33;False;False;False;;2003;12;True;0;0;0;0;0;0;0.000;0.000
17704138;PMC2018635;10.1093/nar/gkm502;;Nucleic Acids Research;Health Sciences;Biomedical Research;Developmental Biology;9;True;False;Hairpin structure within the 3′UTR of DNA polymerase β mRNA acts as a post-transcriptional regulatory element and interacts with Hax-1;46;44;False;False;False;;2007;8;True;0;0;0;0;0;0;0.000;0.000
11178239;PMC15024;;gb-2000-1-3-research0006;Genome Biology;;;;2;True;False;Genomic structure of the gene for mouse germ cell nuclear factor (GCNF);17;16;False;False;False;;2000;7;True;0;0;0;0;0;0;0.000;0.000
20693527;PMC3001050;10.1093/nar/gkq650;gkq650;Nucleic Acids Research;Health Sciences;Biomedical Research;Developmental Biology;3;True;False;Stimulation of ribosomal frameshifting by antisense LNA;47;46;False;False;False;;2010;8;True;0;0;0;0;0;0;0.000;0.000
11056692;PMC13922;;bcr-2-6-444;Breast Cancer Research : BCR;Health Sciences;Clinical Medicine;Oncology & Carcinogenesis;6;True;False;Estrogen receptor of primary breast cancers: evidence for intracellular proteolysis;54;43;False;False;False;;2000;7;True;0;0;0;0;0;0;0.000;0.000
29904245;PMC6000295;10.3748/wjg.v24.i22.2381;;World Journal of Gastroenterology;Health Sciences;Clinical Medicine;Gastroenterology & Hepatology;8;True;False;Prognostic value of hypoxia-inducible factor-1 alpha and prolyl 4-hydroxylase beta polypeptide overexpression in gastric cancer;40;40;False;False;False;;2018;6;True;0;0;0;0;0;0;0.000;0.000
21151555;PMC3000327;10.1371/journal.pone.0015281;PONE-D-10-00195;PLoS ONE;General;General Science & Technology;General Science & Technology;8;True;False;A Sexual Shift Induced by Silencing of a Single Insulin-Like Gene in Crayfish: Ovarian Upregulation and Testicular Degeneration;44;30;False;False;False;;2010;7;True;0;0;0;0;0;0;0.000;0.000
14551921;PMC212702;10.1371/journal.pbio.0000027;;PLoS Biology;Health Sciences;Biomedical Research;Developmental Biology;1;True;False;What Controls Variation in Human Skin Color?;33;29;False;False;False;;2003;10;True;0;0;0;0;0;0;0.000;0.000
21151558;PMC3000330;10.1371/journal.pone.0015075;PONE-D-10-01631;PLoS ONE;General;General Science & Technology;General Science & Technology;4;True;False;Contrast and Phase Combination in Binocular Vision;48;38;False;False;False;;2010;7;True;0;0;0;0;0;0;0.000;0.000
24790698;PMC4000478;10.1177/1941738114529701;10.1177_1941738114529701;Sports Health;;;;5;True;False;Sideline Coverage;40;37;False;False;False;;2014;5;True;0;0;0;0;0;0;0.000;0.000
24686783;PMC4000579;10.1038/nn.3688;;Nature neuroscience;Health Sciences;Clinical Medicine;Neurology & Neurosurgery;41;True;False;Mutations in the Matrin 3 gene cause familial amyotrophic lateral sclerosis;16;15;False;False;False;;2014;3;True;0;0;0;0;0;0;0.000;0.000
29549847;PMC6000649;10.1016/j.ijscr.2017.12.043;;International Journal of Surgery Case Reports;;;;6;True;False;Solid pancreatic pseudopapillary tumor managed laparoscopically: A case report and review of the literature;15;9;False;False;False;;2018;2;True;0;0;0;0;0;0;0.000;0.000
24790691;PMC4000476;10.1177/1941738114527056;10.1177_1941738114527056;Sports Health;;;;5;True;False;Prevalence of Freestyle Biomechanical Errors in Elite Competitive Swimmers;16;11;False;False;False;;2014;5;True;0;0;0;0;0;0;0.000;0.000
14624234;PMC261870;10.1371/journal.pbio.0000002;;PLoS Biology;Health Sciences;Biomedical Research;Developmental Biology;14;True;False;Viral Discovery and Sequence Recovery Using DNA Microarrays;10;10;False;False;False;;2003;11;True;0;0;0;0;0;0;0.000;0.000
20693538;PMC3001049;10.1093/nar/gkq649;gkq649;Nucleic Acids Research;Health Sciences;Biomedical Research;Developmental Biology;5;True;False;Localization of xeroderma pigmentosum group A protein and replication protein A on damaged DNA in nucleotide excision repair;57;55;False;False;False;;2010;8;True;0;0;0;0;0;0;0.000;0.000
29895224;PMC7000140;10.1080/19491034.2018.1471947;1471947;Nucleus;;;;7;True;False;Up-regulation of Toll-like receptors 7 and 9 and its potential implications in the pathogenic mechanisms of LMNA-related myopathies;33;28;False;False;False;;2018;7;True;0;0;0;0;0;0;0.000;0.000
24717076;PMC4000154;10.1186/1752-1947-8-121;1752-1947-8-121;Journal of Medical Case Reports;Health Sciences;Clinical Medicine;General & Internal Medicine;5;True;False;Cavernous hemangioma of the frontal bone: a case report;11;9;False;False;False;;2014;4;True;0;0;0;0;0;0;0.000;0.000
16009725;PMC1351313;10.1083/jcb.200504167;200504167;The Journal of Cell Biology;Health Sciences;Biomedical Research;Developmental Biology;10;True;False;CAPRI and RASAL impose different modes of information processing on Ras due to contrasting temporal filtering of Ca2+;17;17;False;False;False;;2005;7;True;0;0;0;0;0;0;0.000;0.000
21160547;PMC3001740;10.3389/fncom.2010.00150;;Frontiers in Computational Neuroscience;;;;5;True;False;Unveiling the Neuromorphological Space;39;32;False;False;False;;2010;7;True;0;0;0;0;0;0;0.000;0.000
27562439;PMC5000458;10.1186/s12938-016-0204-z;204;BioMedical Engineering OnLine;Applied Sciences;Engineering;Biomedical Engineering;3;True;False;Outflow monitoring of a pneumatic ventricular assist device using external pressure sensors;25;24;False;False;False;;2016;7;True;0;0;0;0;0;0;0.000;0.000
29718457;PMC6007404;10.1093/nar/gky292;gky292;Nucleic Acids Research;Health Sciences;Biomedical Research;Developmental Biology;7;True;False;The phage T4 MotA transcription factor contains a novel DNA binding motif that specifically recognizes modified DNA;52;50;True;False;False;Structures are available in the PDB under ID 5JLT.;2018;4;True;0;0;0;0;0;0;0.000;0.000
29485857;PMC6007964;10.1021/acs.biochem.7b01299;;Biochemistry;Health Sciences;Biomedical Research;Biochemistry & Molecular Biology;15;True;False;Structural and Kinetic Studies of the Potent Inhibition of Metallo-β-lactamases by 6-Phosphonomethylpyridine-2-carboxylates;89;84;False;False;False;;2018;2;True;0;0;0;0;0;0;0.000;0.000
11250760;PMC13924;;BCR-3-2-134;Breast Cancer Research;Health Sciences;Clinical Medicine;Oncology & Carcinogenesis;2;True;False;An investigation of soy intake and mammographic characteristics in Hawaii;39;28;False;False;False;;2001;1;True;0;0;0;0;0;0;0.000;0.000
24790431;PMC4000182;10.2147/IJN.S59788;ijn-9-1891;International Journal of Nanomedicine;Applied Sciences;Enabling & Strategic Technologies;Nanoscience & Nanotechnology;6;True;False;Enhanced primary tumor delineation in pancreatic adenocarcinoma using ultrasmall super paramagnetic iron oxide nanoparticle-ferumoxytol: an initial experience with histopathologic correlation;32;25;False;False;False;;2014;4;True;0;0;0;0;0;0;0.000;0.000
19057677;PMC2585813;10.1371/journal.pgen.1000298;08-PLGE-RA-0989R3;PLoS Genetics;Health Sciences;Biomedical Research;Developmental Biology;12;True;False;Genome-Wide siRNA-Based Functional Genomics of Pigmentation Identifies Novel Genes and Pathways That Impact Melanogenesis in Human Cells;43;42;False;False;False;;2008;12;True;0;0;0;0;0;0;0.000;0.000
21151569;PMC3000341;10.1371/journal.pone.0015333;PONE-D-10-00716;PLoS ONE;General;General Science & Technology;General Science & Technology;14;True;False;ENU Mutagenesis Identifies Mice with Morbid Obesity and Severe Hyperinsulinemia Caused by a Novel Mutation in Leptin;37;37;False;False;False;;2010;7;True;0;0;0;0;0;0;0.000;0.000
11056690;PMC13920;;bcr-2-5-378;Breast Cancer Research : BCR;Health Sciences;Clinical Medicine;Oncology & Carcinogenesis;8;True;False;Polymorphic repeat in AIB1 does not alter breast cancer risk;23;19;False;False;False;;2000;6;True;0;0;0;0;0;0;0.000;0.000
24716477;PMC4000145;10.1186/1752-1947-8-125;1752-1947-8-125;Journal of Medical Case Reports;Health Sciences;Clinical Medicine;General & Internal Medicine;7;True;False;Successful replantation of an amputated penis: a case report and review of the literature;10;9;False;False;False;;2014;4;True;0;0;0;0;0;0;0.000;0.000
15783259;PMC1069666;10.1371/journal.pmed.0020072;;PLoS Medicine;Health Sciences;Clinical Medicine;General & Internal Medicine;5;True;False;Is It Always Unethical to Use a Placebo in a Clinical Trial?;20;13;False;False;False;;2005;3;True;0;0;0;0;0;0;0.000;0.000
15967825;PMC1364507;10.1084/jem.20042280;20042280;The Journal of Experimental Medicine;Health Sciences;Clinical Medicine;Immunology;6;True;False;Sequential activation of NKT cells and NK cells provides effective innate immunotherapy of cancer;50;50;False;False;False;;2005;6;True;0;0;0;0;0;0;0.000;0.000
24583979;PMC4000542;10.1038/ki.2013.389;;Kidney international;Health Sciences;Clinical Medicine;Urology & Nephrology;2;True;False;Acute Kidney Injury: A Not So Silent Disease;9;7;False;False;False;;2013;10;True;0;0;0;0;0;0;0.000;0.000
21151566;PMC3000338;10.1371/journal.pone.0015133;PONE-D-10-00811;PLoS ONE;General;General Science & Technology;General Science & Technology;4;True;False;Cystatin C: A Candidate Biomarker for Amyotrophic Lateral Sclerosis;30;29;False;False;False;;2010;7;True;0;0;0;0;0;0;0.000;0.000
24581168;PMC6000052;10.3779/j.issn.1009-3419.2014.02.15;zgfazz-17-2-155;Chinese Journal of Lung Cancer;Health Sciences;Clinical Medicine;Oncology & Carcinogenesis;6;True;False;Nrf2在EGFR基因突变肺腺癌中的表达及其与EGFR-TKIs疗效间的相关性研究;24;23;False;False;False;;2014;2;True;0;0;0;0;0;0;0.000;0.000
27561822;PMC5000461;10.1186/s13063-016-1519-6;1519;Trials;Health Sciences;Clinical Medicine;General & Internal Medicine;10;True;False;Comparison of active treatments for impaired glucose regulation: a Salford Royal Foundation Trust and Hitachi collaboration (CATFISH): study protocol for a randomized controlled trial;60;37;False;False;False;;2016;7;True;0;0;0;0;0;0;0.000;0.000
22814257;PMC6000072;10.3779/j.issn.1009-3419.2012.07.01;zgfazz-15-7-391;Chinese Journal of Lung Cancer;Health Sciences;Clinical Medicine;Oncology & Carcinogenesis;6;True;False;吲哚-3-甲醇对肺癌细胞放射敏感性的EGFR依赖性调节;36;31;False;False;False;;2012;7;True;0;0;0;0;0;0;0.000;0.000
14737182;PMC300881;10.1371/journal.pbio.0020002;;PLoS Biology;Health Sciences;Biomedical Research;Developmental Biology;3;True;False;JAMM: A Metalloprotease-Like Zinc Site in the Proteasome and Signalosome;39;35;False;False;False;;2003;11;True;0;0;0;0;0;0;0.000;0.000
16260490;PMC1350947;10.1084/jem.20051376;20051376;The Journal of Experimental Medicine;Health Sciences;Clinical Medicine;Immunology;5;True;False;A role for dual viral hits in causation of subacute sclerosing panencephalitis;30;25;False;False;False;;2005;11;True;0;0;0;0;0;0;0.000;0.000
21160560;PMC3001991;10.3389/fnhum.2010.00223;;Frontiers in Human Neuroscience;Health Sciences;Psychology & Cognitive Sciences;Experimental Psychology;3;True;False;Cognitive Control Signals in Posterior Cingulate Cortex;48;48;False;False;False;;2010;7;True;0;0;0;0;0;0;0.000;0.000
27570683;PMC5001759;;2378482;AMIA Summits on Translational Science Proceedings;;;;1;True;False;To Share or Not to Share: Ethical Acquisition and Use of Medical Data;29;7;True;False;False;"We have discussed instances of big data, data ownership and data blocking. What would be an ideal situation for sharing medical data that would benefit everyone involved in the medical enterprise? There should be more guidelines about data sharing but the ethical statements about “Big Data” sharing appear scarce. Table 1 shows some of the ethical statements available from the federal government and one association about data sharing. However, if one is looking for specific details about how data might be shared with everyone involved in the data process, it might be hard to find guidelines about that. This table is not an exhaustive list of policies on medical data sharing and does not include individual institutional policies. The guidelines listed in the table are the relevant statements on data sharing made by a few entities. Not all of the items in the table are listed as “statements” about data sharing ethics but all contain some information about how data should be handled appropriately. On September 8, 2015, the Federal Register proposed an update to the “Federal Policy for the Protection of Human Subjects.”27 The details regarding the care of human subjects in research and in particular the care of human subject data for research need close examination by researchers and patients. Several times during the comments section of the proposed rule, the notion of ethical regard for subjects and data are highlighted. “An increase in trust and partnership is likely to increase participation rates in research; using individuals’ samples and data without permission will hinder true partnership. Better communication and community engagement with patients, particularly in geographic areas and for population subgroups where consent rates are lower than average, should be a priority for the research community.”27 In an ideal world, researchers would know where to find all the data for their study and would be able to track data from when they send the data to a recipient and when they receive data. But as we know from several instances of data breaches and when data ends up in an unsecured place, we have difficulty keeping account of shared data. More care in defining what data needs to be secured and how it should be secured is important for the research enterprise. Some detailed outlines of how to protect human subject data are proposed in the Federal Policy for the Protection of Human Subjects. We hope that these updated outlines continue to be used and updated. Individual researchers and their organizations can do more to ensure safe data transfer if guidelines were easily available and security software less onerous to use.28 We can act better to secure shared data and once more evidence of safely shared data appears, the better it will be for the medical research enterprise and for patients.";2016;7;True;0;0;0;0;0;0;0.000;0.000
21160548;PMC3001749;10.3389/fncom.2010.00148;;Frontiers in Computational Neuroscience;;;;5;True;False;An Algorithm for Finding Candidate Synaptic Sites in Computer Generated Networks of Neurons with Realistic Morphologies;30;28;False;False;False;;2010;7;True;0;0;0;0;0;0;0.000;0.000
24632940;PMC4000527;10.1038/ncomms4479;;Nature communications;;;;11;True;False;Microtubule acetylation amplifies p38 kinase signaling and anti-inflammatory IL-10 production;32;30;False;False;False;;2014;3;True;0;0;0;0;0;0;0.000;0.000
21160559;PMC3001990;10.3389/fncom.2010.00143;;Frontiers in Computational Neuroscience;;;;3;True;False;STDP in Adaptive Neurons Gives Close-To-Optimal Information Transmission;52;48;False;False;False;;2010;7;True;0;0;0;0;0;0;0.000;0.000
10637286;PMC14752;;1080;Molecular Biology of the Cell;Health Sciences;Biomedical Research;Developmental Biology;6;True;False;Regulation of Mitotic Inhibitor Mik1 Helps to Enforce the DNA Damage Checkpoint;57;56;False;False;False;;2000;1;True;0;0;0;0;0;0;0.000;0.000
24581170;PMC6000051;10.3779/j.issn.1009-3419.2014.02.17;zgfazz-17-2-171;Chinese Journal of Lung Cancer;Health Sciences;Clinical Medicine;Oncology & Carcinogenesis;5;True;False;纵隔镜在肺癌鉴别诊断和术前分期中的应用价值;20;11;False;False;False;;2014;2;True;0;0;0;0;0;0;0.000;0.000
15783261;PMC1069668;10.1371/journal.pmed.0020077;;PLoS Medicine;Health Sciences;Clinical Medicine;General & Internal Medicine;3;True;False;Tumor Cell Recognition Efficiency by T Cells;8;7;False;False;False;;2005;3;True;0;0;0;0;0;0;0.000;0.000
24581154;PMC6000054;10.3779/j.issn.1009-3419.2014.02.01;zgfazz-17-2-57;Chinese Journal of Lung Cancer;Health Sciences;Clinical Medicine;Oncology & Carcinogenesis;23;True;False;肺癌骨转移诊疗专家共识（2014版）;61;48;False;False;False;;2014;2;True;0;0;0;0;0;0;0.000;0.000
11056691;PMC13921;;bcr-2-6-438;Breast Cancer Research : BCR;Health Sciences;Clinical Medicine;Oncology & Carcinogenesis;5;True;False;P53 autoantibodies in 1006 patients followed up for breast cancer;17;17;False;False;False;;2000;7;True;0;0;0;0;0;0;0.000;0.000
17698501;PMC2018642;10.1093/nar/gkm524;;Nucleic Acids Research;Health Sciences;Biomedical Research;Developmental Biology;3;True;False;Translational control of the interferon regulatory factor 2 mRNA by IRES element;51;50;False;False;False;;2007;8;True;0;0;0;0;0;0;0.000;0.000
24708200;PMC4000150;10.1186/1297-9686-46-25;1297-9686-46-25;Genetics, Selection, Evolution : GSE;Applied Sciences;Agriculture, Fisheries & Forestry;Dairy & Animal Science;17;True;False;Detection of QTL controlling digestive efficiency and anatomy of the digestive tract in chicken fed a wheat-based diet;40;29;False;False;False;;2014;4;True;0;0;0;0;0;0;0.000;0.000
24708607;PMC4000149;10.1186/2251-6581-13-47;2251-6581-13-47;Journal of Diabetes and Metabolic Disorders;;;;2;True;False;Physical activity and total serum bilirubin levels among insulin sensitive and insulin resistant U.S. adults;26;23;False;False;False;;2014;4;True;0;0;0;0;0;0;0.000;0.000
17686786;PMC2018636;10.1093/nar/gkm569;;Nucleic Acids Research;Health Sciences;Biomedical Research;Developmental Biology;9;True;False;Tissue-specific splicing regulator Fox-1 induces exon skipping by interfering E complex formation on the downstream intron of human F1γ gene;39;39;False;False;False;;2007;8;True;0;0;0;0;0;0;0.000;0.000
15824131;PMC1351127;10.1083/jcb.200411118;200411118;The Journal of Cell Biology;Health Sciences;Biomedical Research;Developmental Biology;8;True;False;ZW10 links mitotic checkpoint signaling to the structural kinetochore;56;56;False;False;False;;2005;4;True;0;0;0;0;0;0;0.000;0.000
22814259;PMC6000074;10.3779/j.issn.1009-3419.2012.07.03;zgfazz-15-7-404;Chinese Journal of Lung Cancer;Health Sciences;Clinical Medicine;Oncology & Carcinogenesis;4;True;False;水通道蛋白3在非小细胞肺癌中的表达及与临床病理相关性的研究;14;13;False;False;False;;2012;7;True;0;0;0;0;0;0;0.000;0.000
21160550;PMC3001756;10.3389/fnins.2010.00179;;Frontiers in Neuroscience;;;;8;True;False;Pyff – A Pythonic Framework for Feedback Applications and Stimulus Presentation in Neuroscience;39;25;False;False;False;;2010;7;True;0;0;0;0;0;0;0.000;0.000
21151562;PMC3000334;10.1371/journal.pone.0014280;10-PONE-RA-21619R1;PLoS ONE;General;General Science & Technology;General Science & Technology;11;True;False;Towards a Global Barcode Library for Lymantria (Lepidoptera: Lymantriinae) Tussock Moths of Biosecurity Concern;54;16;False;False;False;;2010;7;True;0;0;0;0;0;0;0.000;0.000
17714593;PMC2000874;10.1186/1471-227X-7-13;1471-227X-7-13;BMC Emergency Medicine;Health Sciences;Clinical Medicine;Emergency & Critical Care Medicine;7;True;False;A new implicit review instrument for measuring quality of care delivered to pediatric patients in the emergency department;40;30;False;False;False;;2007;7;True;0;0;0;0;0;0;0.000;0.000
20693532;PMC3001056;10.1093/nar/gkq678;gkq678;Nucleic Acids Research;Health Sciences;Biomedical Research;Developmental Biology;8;True;False;Identification of functional clock-controlled elements involved in differential timing of Per1 and Per2 transcription;40;40;False;False;False;;2010;8;True;0;0;0;0;0;0;0.000;0.000
24716457;PMC4000152;10.1186/1752-1947-8-123;1752-1947-8-123;Journal of Medical Case Reports;Health Sciences;Clinical Medicine;General & Internal Medicine;13;True;False;Basaloid squamous cell carcinoma in the nasal cavity treated with proton beam therapy concurrent with cisplatin: a case report;13;13;False;False;False;;2014;4;True;0;0;0;0;0;0;0.000;0.000
14745001;PMC1360214;10.1083/jcb.200311079;200311079;The Journal of Cell Biology;Health Sciences;Biomedical Research;Developmental Biology;5;True;False;Noninvasive two-photon imaging reveals retinyl ester storage structures in the eye;51;48;False;False;False;;2004;2;True;0;0;0;0;0;0;0.000;0.000
15337779;PMC1361683;10.1083/jcb.200406148;200406148;The Journal of Cell Biology;Health Sciences;Biomedical Research;Developmental Biology;2;True;False;Bend propagation drives central pair rotation in Chlamydomonas reinhardtii flagella;48;44;False;False;False;;2004;8;True;0;0;0;0;0;0;0.000;0.000
22814260;PMC6000075;10.3779/j.issn.1009-3419.2012.07.04;zgfazz-15-7-409;Chinese Journal of Lung Cancer;Health Sciences;Clinical Medicine;Oncology & Carcinogenesis;6;True;False;宁养肺癌患者生存状况及其影响因素研究;25;13;False;False;False;;2012;7;True;0;0;0;0;0;0;0.000;0.000
15783257;PMC1069664;10.1371/journal.pmed.0020068;;PLoS Medicine;Health Sciences;Clinical Medicine;General & Internal Medicine;2;True;False;Exercise and Health: Can Biotechnology Confer Similar Benefits?;48;42;False;False;False;;2005;3;True;0;0;0;0;0;0;0.000;0.000
20693536;PMC3001058;10.1093/nar/gkq680;gkq680;Nucleic Acids Research;Health Sciences;Biomedical Research;Developmental Biology;6;True;False;Coordinated allele-specific histone acetylation at the differentially methylated regions of imprinted genes;77;75;False;False;False;;2010;8;True;0;0;0;0;0;0;0.000;0.000
21151568;PMC3000340;10.1371/journal.pone.0015553;PONE-D-10-00061;PLoS ONE;General;General Science & Technology;General Science & Technology;15;True;False;Deletion of CDKAL1 Affects Mitochondrial ATP Generation and First-Phase Insulin Exocytosis;36;36;False;False;False;;2010;7;True;0;0;0;0;0;0;0.000;0.000
15783256;PMC1069663;10.1371/journal.pmed.0020067;;PLoS Medicine;Health Sciences;Clinical Medicine;General & Internal Medicine;5;True;False;Hookworm: “The Great Infection of Mankind”;33;22;False;False;False;;2005;3;True;0;0;0;0;0;0;0.000;0.000
24623838;PMC4001185;10.1212/WNL.0000000000000312;NEUROLOGY2013537704;Neurology;Health Sciences;Clinical Medicine;Neurology & Neurosurgery;10;True;False;Vascular risk factors, large-artery atheroma, and brain white matter hyperintensities;39;36;False;False;False;;2014;4;True;0;0;0;0;0;0;0.000;0.000
24581166;PMC6000057;10.3779/j.issn.1009-3419.2014.02.13;zgfazz-17-2-142;Chinese Journal of Lung Cancer;Health Sciences;Clinical Medicine;Oncology & Carcinogenesis;6;True;False;腺病毒介导的ING4基因对人肺腺癌裸鼠移植瘤的生长抑制作用及其分子机制;16;12;False;False;False;;2014;2;True;0;0;0;0;0;0;0.000;0.000
20693526;PMC3001051;10.1093/nar/gkq654;gkq654;Nucleic Acids Research;Health Sciences;Biomedical Research;Developmental Biology;4;True;False;ChIPing the cistrome of PXR in mouse liver;56;55;False;False;False;;2010;8;True;0;0;0;0;0;0;0.000;0.000
27570645;PMC5001757;;2383363;AMIA Summits on Translational Science Proceedings;;;;3;True;False;Gene Co-Expression Analysis Predicts Genetic Variants Associated with Drug Responsiveness in Lung Cancer;34;29;False;False;False;;2016;7;True;0;0;0;0;0;0;0.000;0.000
21151559;PMC3000331;10.1371/journal.pone.0014268;10-PONE-RA-18378R3;PLoS ONE;General;General Science & Technology;General Science & Technology;8;True;False;The Shine-Through Masking Paradigm Is a Potential Endophenotype of Schizophrenia;39;17;False;False;False;;2010;7;True;0;0;0;0;0;0;0.000;0.000
27562216;PMC5000460;10.1186/s12936-016-1490-4;1490;Malaria Journal;Health Sciences;Clinical Medicine;Tropical Medicine;21;True;False;Selection of N86F184D1246 haplotype of Pfmrd1 gene by artemether–lumefantrine drug pressure on Plasmodium falciparum populations in Senegal;44;32;False;False;False;;2016;7;True;0;0;0;0;0;0;0.000;0.000
21160552;PMC3001759;10.3389/fnbeh.2010.00176;;Frontiers in Behavioral Neuroscience;;;;9;True;False;Disruption of Adult Neurogenesis in the Olfactory Bulb Affects Social Interaction but not Maternal Behavior;67;63;False;False;False;;2010;7;True;0;0;0;0;0;0;0.000;0.000
27570672;PMC5001765;;2369656;AMIA Summits on Translational Science Proceedings;;;;2;True;False;Using a Novel Ontology to Inform the Discovery of Therapeutic Peptides from Animal Venoms;26;22;False;False;False;;2016;7;True;0;0;0;0;0;0;0.000;0.000
27561261;PMC5000462;10.1186/s12862-016-0725-x;725;BMC Evolutionary Biology;Natural Sciences;Biology;Evolutionary Biology;5;True;False;Erratum to: Life habits, hox genes, and affinities of a 311 million-year-old holometabolan larva;18;7;False;False;False;;2016;7;True;0;0;0;0;0;0;0.000;0.000
11056686;PMC13916;;bcr-2-2-139;Breast Cancer Research;Health Sciences;Clinical Medicine;Oncology & Carcinogenesis;5;True;False;Increased cell survival by inhibition of BRCA1 using an antisense approach in an estrogen responsive ovarian carcinoma cell line;55;51;False;False;False;;2000;2;True;0;0;0;0;0;0;0.000;0.000
24808723;PMC4000178;10.2147/AHMT.S57486;ahmt-5-067;Adolescent Health, Medicine and Therapeutics;;;;1;True;False;Problems with diagnosing Conversion Disorder in response to variable and unusual symptoms;18;6;False;False;False;;2014;4;True;0;0;0;0;0;0;0.000;0.000
15783252;PMC1069659;10.1371/journal.pmed.0020061;;PLoS Medicine;Health Sciences;Clinical Medicine;General & Internal Medicine;3;True;False;Protecting Children from Environmental Toxins;86;69;False;False;False;;2005;3;True;0;0;0;0;0;0;0.000;0.000
24790799;PMC4001180;10.1212/01.CPJ.0000437937.63347.5a;NEURCLINPRACT2013004408;Neurology: Clinical Practice;;;;5;True;False;Virtual visits for Parkinson disease;11;11;False;False;False;;2014;4;True;0;0;0;0;0;0;0.000;0.000
17476824;PMC2001144;;;The Ulster Medical Journal;Health Sciences;Clinical Medicine;General & Internal Medicine;6;True;False;CESA – A New Modality for the Difficult Aortic Aneurysm;10;9;False;False;False;;2007;5;True;0;0;0;0;0;0;0.000;0.000
24790435;PMC4000183;10.2147/IJN.S59870;ijn-9-1931;International Journal of Nanomedicine;Applied Sciences;Enabling & Strategic Technologies;Nanoscience & Nanotechnology;10;True;False;Photothermolysis mediated by gold nanorods modified with EGFR monoclonal antibody induces Hep-2 cells apoptosis in vitro and in vivo;48;43;False;False;False;;2014;4;True;0;0;0;0;0;0;0.000;0.000
21151565;PMC3000337;10.1371/journal.pone.0015210;PONE-D-10-01218;PLoS ONE;General;General Science & Technology;General Science & Technology;4;True;False;Topological Traps Control Flow on Real Networks: The Case of Coordination Failures;54;15;False;False;False;;2010;7;True;0;0;0;0;0;0;0.000;0.000
27570674;PMC5001758;;2383207;AMIA Summits on Translational Science Proceedings;;;;7;True;False;PALME: PAtients Like My gEnome;17;8;False;False;False;;2016;7;True;0;0;0;0;0;0;0.000;0.000
27570658;PMC5001764;;2383566;AMIA Summits on Translational Science Proceedings;;;;2;True;False;i2b2t2: Unlocking Visualization for Clinical Research;24;10;False;False;False;;2016;7;True;0;0;0;0;0;0;0.000;0.000
24790455;PMC4000176;10.2147/JMDH.S51359;jmdh-7-173;Journal of Multidisciplinary Healthcare;;;;4;True;False;Quality of life in patients with visual impairment in Ibadan: a clinical study in primary care;34;16;False;False;False;;2014;4;True;0;0;0;0;0;0;0.000;0.000
26168074;PMC9003232;10.1021/acsnano.5b03162;;ACS Nano;Applied Sciences;Enabling & Strategic Technologies;Nanoscience & Nanotechnology;10;True;False;Piezoelectric Nanoparticle-Assisted Wireless Neuronal Stimulation;55;54;False;False;False;;2015;7;True;0;0;0;0;0;0;0.000;0.000
24561998;PMC4000970;10.1038/nn.3660;;Nature neuroscience;Health Sciences;Clinical Medicine;Neurology & Neurosurgery;5;True;False;Sparse, Decorrelated Odor Coding in the Mushroom Body Enhances Learned Odor Discrimination;67;63;False;False;False;;2014;2;True;0;0;0;0;0;0;0.000;0.000
15783254;PMC1069661;10.1371/journal.pmed.0020063;;PLoS Medicine;Health Sciences;Clinical Medicine;General & Internal Medicine;5;True;False;Recurrent Pleural and Pericardial Effusions Due to Sarcoidosis;11;9;False;False;False;;2005;3;True;0;0;0;0;0;0;0.000;0.000
27561315;PMC5000456;10.1186/s12913-016-1702-1;1702;BMC Health Services Research;Health Sciences;Public Health & Health Services;Health Policy & Services;11;True;False;Convergent validity of the interRAI-HC for societal costs estimates in comparison with the RUD Lite instrument in community dwelling older adults;35;21;True;False;False;The datasets during and/or analysed during the current study available from the corresponding author on reasonable request.;2016;7;True;0;0;0;0;0;0;0.000;0.000
16129702;PMC1378109;10.1084/jem.20042469;20042469;The Journal of Experimental Medicine;Health Sciences;Clinical Medicine;Immunology;7;True;False;MCP-1 overexpressed in tuberous sclerosis lesions acts as a paracrine factor for tumor development;46;41;False;False;False;;2005;9;True;0;0;0;0;0;0;0.000;0.000
21069949;PMC3001757;10.1021/es101800k;;Environmental Science & Technology;Natural Sciences;Earth & Environmental Sciences;Environmental Sciences;4;True;False;Predicting Residential Air Exchange Rates from Questionnaires and Meteorology: Model Evaluation in Central North Carolina;32;3;False;False;False;;2010;11;True;0;0;0;0;0;0;0.000;0.000
29741904;PMC6007961;10.1021/acs.orglett.8b01252;;Organic Letters;Natural Sciences;Chemistry;Organic Chemistry;4;True;False;Stereo- and Regiocontrolled Methylboration of Terminal Alkynes;20;16;False;False;False;;2018;5;True;0;0;0;0;0;0;0.000;0.000
29915522;PMC6000600;10.3346/jkms.2018.33.e171;;Journal of Korean Medical Science;Health Sciences;Clinical Medicine;General & Internal Medicine;10;True;False;Impact of Heart Rate Reduction with Maximal Tolerable Dose of Bisoprolol on Left Ventricular Reverse Remodeling;27;27;False;False;False;;2018;5;True;0;0;0;0;0;0;0.000;0.000
